{"cameraMode":{"drawMode":0,"name":"Shaded","section":"Shading Mode"},"sceneLighting":false,"audioPlay":false,"sceneViewState":{"showFog":true,"showMaterialUpdate":true,"showSkybox":true,"showFlares":true,"showImageEffects":true,"showParticleSystems":true},"in2DMode":false,"pivot":{"x":0.11983871459960938,"y":-0.0579833984375,"z":0.03688812255859375},"rotation":{"x":0.669247031211853,"y":-0.019315388053655626,"z":0.01740158535540104,"w":0.7425850629806519},"size":0.18384495377540589,"orthographic":true}